frame,time_s,mean_mag,max_mag,pct_moving,mean_dx,mean_dy,dominant_dir_deg
1,10.04,1.7958,31.3712,17.88,1.0447,0.3495,18.5
2,10.08,1.5514,29.8466,17.38,-0.2942,0.3468,130.3
3,10.12,1.0522,21.2187,16.44,0.0955,0.9141,84.0
4,10.16,1.0571,20.9096,14.28,-2.7171,1.3584,153.4
5,10.2,1.1843,20.2663,15.64,-2.0016,1.3822,145.4
6,10.24,1.454,22.7149,16.56,-1.9844,1.3761,145.3
7,10.28,1.4688,29.1464,17.84,-0.5936,1.4142,112.8
8,10.32,1.829,26.6978,19.89,-0.0201,1.0785,91.1
9,10.36,1.6681,30.3125,18.31,-1.7603,0.9376,152.0
10,10.4,1.8666,30.5512,18.95,-0.6516,0.8521,127.4
11,10.44,1.4303,24.6039,16.56,-2.4781,0.8948,160.1
12,10.48,1.4789,28.9553,15.82,-2.3585,1.2195,152.7
13,10.52,1.9185,33.5225,19.33,-0.1772,0.3183,119.1
14,10.56,2.3287,46.3864,18.4,3.5155,-0.5776,-9.3
15,10.6,2.7864,54.7453,18.77,5.8961,-0.613,-5.9
16,10.64,2.3297,40.3955,19.94,5.2788,0.4142,4.5
17,10.68,1.3211,19.5644,18.18,-1.0869,1.8256,120.8
18,10.72,1.4564,27.3461,18.8,0.6361,1.2427,62.9
19,10.76,1.4367,20.763,19.21,-0.1862,1.335,97.9
20,10.8,1.6822,24.9066,20.8,-0.4211,1.1599,110.0
21,10.84,1.5139,19.0746,19.62,0.5338,1.1185,64.5
22,10.88,1.3499,20.5252,18.69,1.3854,1.0433,37.0
23,10.92,1.2837,18.2374,17.99,0.1859,1.091,80.3
24,10.96,1.3616,21.9294,18.73,-0.943,0.9228,135.6
25,11.0,1.4343,22.6058,17.27,-1.6139,1.0812,146.2
26,11.04,1.7355,21.1186,18.95,-0.8687,0.8351,136.1
27,11.08,1.8026,22.7109,20.48,-0.5614,0.8009,125.0
28,11.12,2.1517,27.2294,21.2,0.2183,1.0352,78.1
29,11.16,1.6994,24.9035,20.24,-1.6819,0.8046,154.4
30,11.2,1.2621,24.7666,16.69,-3.9547,1.0638,164.9
31,11.24,1.0859,20.8221,17.3,-2.5476,0.898,160.6
32,11.28,1.1343,26.1721,17.35,-2.493,1.0078,158.0
33,11.32,1.2267,31.9463,15.76,-3.7894,1.3161,160.8
34,11.36,1.217,23.4553,18.25,-1.6885,0.7908,154.9
35,11.4,1.0666,16.2509,17.44,-0.2174,1.3313,99.3
36,11.44,1.0894,20.6641,17.18,-0.2182,1.5764,97.9
37,11.48,1.0699,20.4582,17.59,-0.9853,1.1492,130.6
38,11.52,1.1042,22.5156,17.07,-1.0449,1.1218,133.0
39,11.56,1.2086,25.2231,17.77,-1.0278,1.0772,133.7
40,11.6,1.288,20.4572,18.06,-0.8338,1.236,124.0
41,11.64,1.5587,23.0943,19.65,0.0929,1.1061,85.2
42,11.68,1.1128,24.9725,16.64,-2.6963,1.3348,153.7
43,11.72,1.1665,20.8571,18.51,-1.8457,0.9544,152.7
44,11.76,1.0674,27.7711,15.14,-3.2065,1.4073,156.3
45,11.8,1.3046,25.6527,17.36,-1.9856,1.1779,149.3
46,11.84,1.2014,19.5818,17.88,-1.7341,1.0474,148.9
47,11.88,1.1632,20.8558,15.79,-1.8467,1.3347,144.1
48,11.92,1.2606,20.521,17.37,-1.2317,1.0596,139.3
49,11.96,1.4072,24.4474,18.19,-0.3851,1.0737,109.7
50,12.0,1.51,26.3733,18.56,0.5274,1.0796,64.0
51,12.04,1.1897,20.3893,17.24,-1.2685,0.9334,143.7
52,12.08,1.0886,21.3324,16.38,-2.9472,1.0952,159.6
53,12.12,1.1459,19.9033,16.54,-2.2681,0.9794,156.6
54,12.16,1.0865,21.0795,15.28,-2.9703,1.2568,157.1
55,12.2,1.0977,20.4284,15.6,-2.75,1.1985,156.5
56,12.24,1.0639,17.6363,14.91,-2.255,1.1046,153.9
57,12.28,1.0814,18.3447,15.99,-1.3581,0.859,147.7
58,12.32,1.2091,17.6394,16.84,-1.0322,0.828,141.3
59,12.36,1.1764,19.5898,16.41,-1.7683,0.9649,151.4
60,12.4,1.4052,18.5222,17.44,-2.5489,1.0676,157.3
61,12.44,1.6185,24.3561,17.48,-3.957,1.0234,165.5
62,12.48,1.865,28.3062,18.23,-5.5094,1.1817,167.9
63,12.52,2.263,34.963,19.45,-3.8665,1.3936,160.2
64,12.56,1.8857,35.9108,18.89,-5.9635,1.4337,166.5
65,12.6,1.7116,32.5914,17.07,-4.832,1.5834,161.9
66,12.64,1.0121,16.095,17.8,-0.8087,1.1468,125.2
67,12.68,1.248,20.9591,16.92,-2.103,1.2636,149.0
68,12.72,1.1055,18.8453,17.1,-1.1138,1.0071,137.9
69,12.76,1.2307,19.3864,16.79,-1.8578,1.2066,147.0
70,12.8,1.2687,18.666,17.78,-2.2606,1.1652,152.7
71,12.84,1.2399,18.0576,16.63,-1.7292,1.3103,142.8
72,12.88,1.3852,27.9842,16.78,-1.8119,1.4785,140.8
73,12.92,1.4365,20.7915,17.84,-1.1238,1.1429,134.5
74,12.96,1.4218,21.8843,17.74,-1.0509,1.0321,135.5
75,13.0,1.366,17.7657,18.43,-1.3152,1.0343,141.8
76,13.04,1.3678,18.6706,19.4,-0.762,0.9206,129.6
77,13.08,1.3126,20.0963,16.9,-2.0812,1.3984,146.1
78,13.12,1.1916,19.4652,16.49,-2.5781,1.0834,157.2
79,13.16,1.436,22.499,19.28,-2.8521,0.9184,162.2
80,13.2,1.2529,21.929,16.39,-2.688,1.0881,158.0
81,13.24,1.3567,19.6352,17.43,-2.0507,1.4257,145.2
82,13.28,1.3682,28.6812,16.22,-2.8112,1.1854,157.1
83,13.32,1.457,22.1335,16.72,-3.4051,1.2145,160.4
84,13.36,1.5201,26.4722,15.92,-4.1292,1.457,160.6
85,13.4,1.6276,25.7957,17.66,-3.6527,1.1938,161.9
86,13.44,1.7198,27.3281,16.91,-4.7015,1.2015,165.7
87,13.48,1.8351,30.2037,17.08,-4.4193,1.4988,161.3
88,13.52,1.9092,28.8326,18.79,-3.4534,1.4354,157.4
89,13.56,1.5901,30.3853,16.14,-4.1656,1.3888,161.6
90,13.6,1.3581,24.2682,17.28,-3.6382,1.2246,161.4
91,13.64,1.379,23.6041,16.69,-4.3722,1.415,162.1
92,13.68,1.3641,26.2065,14.97,-5.1078,1.4635,164.0
93,13.72,1.6089,24.8792,17.82,-3.4967,1.4485,157.5
94,13.76,1.5849,29.413,16.0,-4.7243,1.7072,160.1
95,13.8,1.7286,27.7024,17.36,-4.1798,1.6018,159.0
96,13.84,1.9117,33.5158,19.27,-4.1085,1.8024,156.3
97,13.88,1.7573,30.0719,18.99,-2.8701,1.3712,154.5
98,13.92,1.7375,42.16,17.53,-5.5923,1.4472,165.5
99,13.96,1.6399,25.584,16.33,-5.3047,1.212,167.1
100,14.0,1.7882,26.8422,17.34,-4.7978,1.4975,162.7
101,14.04,1.5113,24.8394,18.29,-2.433,1.3562,150.9
102,14.08,1.1607,17.9682,18.55,-0.4159,1.1602,109.7
103,14.12,1.1583,19.7233,17.74,-1.7262,1.1824,145.6
104,14.16,1.2519,18.6748,18.91,-1.239,0.7556,148.6
105,14.2,1.3546,22.201,19.18,-1.5308,0.8421,151.2
106,14.24,1.41,21.1799,20.1,-0.7778,0.7524,136.0
107,14.28,1.4646,22.0673,19.02,-0.2166,0.7733,105.6
108,14.32,1.6742,25.3003,19.53,-1.7571,1.0739,148.6
109,14.36,1.606,29.0782,18.57,-2.7914,1.3663,153.9
110,14.4,1.8538,28.3818,19.63,-3.1129,1.4088,155.7
111,14.44,1.9268,29.6456,20.03,-1.6713,1.6109,136.1
112,14.48,1.8379,30.1962,19.01,-0.5729,1.6774,108.9
113,14.52,1.438,34.1028,19.38,-2.8645,1.0979,159.0
114,14.56,1.29,22.7327,18.3,-0.7932,0.9845,128.9
115,14.6,1.2959,22.829,17.95,-1.3163,1.0878,140.4
116,14.64,1.3462,28.8105,16.16,-2.1799,1.5145,145.2
117,14.68,1.4682,20.548,16.67,-1.1697,1.5201,127.6
118,14.72,1.5315,23.1866,17.42,-0.3947,1.4942,104.8
119,14.76,1.7347,29.1439,17.54,0.2874,1.2372,76.9
120,14.8,1.4524,26.4988,16.57,-2.0135,1.5742,142.0
121,14.84,1.5044,22.3506,16.5,-1.694,1.5376,137.8
122,14.88,1.6133,30.0753,17.69,-1.6058,1.3887,139.1
123,14.92,1.8847,34.8881,20.5,-0.6298,1.0928,120.0
124,14.96,1.7678,26.4004,18.13,-0.0937,1.39,93.9
125,15.0,1.9607,33.3184,19.71,0.9176,1.2023,52.6
126,15.04,1.9099,24.205,20.84,0.5613,1.2813,66.3
127,15.08,1.5974,27.9996,17.74,-2.6153,1.3665,152.4
128,15.12,1.6877,31.8507,18.94,-3.0314,1.0711,160.5
129,15.16,1.5019,25.1157,19.53,-1.8113,1.0844,149.1
130,15.2,1.3752,27.6228,17.09,-2.9099,1.2902,156.1
131,15.24,1.626,27.4029,19.91,-1.9351,1.3369,145.4
132,15.28,1.5612,31.7099,19.81,-2.1512,1.3234,148.4
133,15.32,1.3731,18.9049,17.66,-1.1362,1.0733,136.6
134,15.36,1.4976,25.7201,19.05,-1.6627,1.1216,146.0
135,15.4,1.4726,24.363,18.06,-1.7958,1.146,147.5
136,15.44,1.4982,22.7437,19.61,-1.5109,0.7411,153.9
137,15.48,1.3887,25.3409,16.86,-2.9833,1.0248,161.0
138,15.52,1.4408,26.6411,18.5,-2.1348,0.988,155.2
139,15.56,1.4975,23.2792,19.43,-1.4511,1.0188,144.9
140,15.6,1.3585,24.4506,18.37,-2.4134,1.2171,153.2
141,15.64,1.455,26.7501,18.58,-1.5167,1.3195,139.0
142,15.68,1.2183,17.239,19.51,-0.052,1.0763,92.8
143,15.72,1.326,21.0704,17.75,-1.5791,1.0847,145.5
144,15.76,1.5036,22.156,19.17,-0.9086,1.1364,128.6
145,15.8,1.3766,21.4619,18.76,-0.1793,0.8492,101.9
146,15.84,1.2429,27.404,18.3,1.3519,0.4897,19.9
147,15.88,1.6885,29.5321,19.66,0.7775,0.477,31.5
148,15.92,2.598,47.1632,22.85,4.2339,0.6997,9.4
149,15.96,3.0423,41.9194,24.27,9.4459,0.7273,4.4
150,16.0,3.6096,121.3134,23.52,4.5706,0.6562,8.2
151,16.04,1.5481,46.5662,17.22,-1.336,2.2296,120.9
152,16.08,1.3105,21.8838,15.92,-2.3298,1.239,152.0
153,16.12,1.4473,23.6381,16.91,-1.5988,1.1994,143.1
154,16.16,1.5299,23.4555,17.98,-1.2055,0.9562,141.6
155,16.2,1.1454,22.9197,15.99,-3.1656,1.0062,162.4
156,16.24,0.9886,26.4156,14.27,-3.6173,0.933,165.5
157,16.28,1.1395,26.2726,14.76,-3.2615,1.2869,158.5
158,16.32,1.193,22.9038,15.29,-2.4517,1.2403,153.2
159,16.36,1.2403,24.1868,16.37,-1.4463,1.0923,142.9
160,16.4,1.1822,22.6955,15.06,-1.5526,0.9953,147.3
161,16.44,1.1533,21.4902,14.98,-2.4967,1.3671,151.3
162,16.48,0.9124,16.5862,15.66,-2.7175,0.7071,165.4
163,16.52,1.0156,19.7814,14.19,-3.3788,0.9357,164.5
164,16.56,1.2016,23.7109,16.38,-2.8156,0.9342,161.6
165,16.6,1.1948,24.1666,14.96,-3.104,1.285,157.5
166,16.64,1.2182,22.4271,15.96,-3.1732,1.5996,153.2
167,16.68,1.1457,23.7528,14.84,-3.1,1.8587,149.1
168,16.72,1.4231,24.9688,18.41,-2.2321,1.1693,152.4
169,16.76,1.3482,18.8424,21.92,-0.6784,0.9492,125.6
170,16.8,1.516,28.508,20.54,-0.1309,0.8532,98.7
171,16.84,1.2301,30.0787,18.45,1.2222,0.6717,28.8
172,16.88,1.1717,21.3407,20.14,-3.007,0.5223,170.1
173,16.92,1.8483,47.3287,21.2,-5.9149,0.7328,172.9
174,16.96,1.4009,31.8805,19.9,3.0413,0.8663,15.9
175,17.0,0.6624,15.9372,14.22,-1.1106,0.3833,161.0
176,17.04,0.7533,17.4982,15.16,-0.9175,0.3677,158.2
177,17.08,0.7746,19.8747,13.98,-1.8245,0.8114,156.0
178,17.12,0.8765,21.9274,14.31,-1.9133,0.8271,156.6
179,17.16,0.9324,20.648,14.86,-2.1747,0.7479,161.0
180,17.2,0.9651,22.7247,14.7,-2.4677,0.7951,162.1
181,17.24,1.0872,19.5685,15.04,-2.6544,1.175,156.1
182,17.28,1.117,21.273,16.32,-2.0843,1.1252,151.6
183,17.32,1.3162,25.5212,17.23,-2.8921,1.0903,159.3
184,17.36,1.29,26.2077,16.14,-2.7056,1.2256,155.6
185,17.4,1.3723,26.4333,16.9,-2.2264,1.2007,151.7
186,17.44,1.3355,22.425,17.78,-1.5613,1.0824,145.3
187,17.48,1.4487,23.2694,18.54,-1.598,1.2535,141.9
188,17.52,1.4291,24.432,18.18,-1.6869,0.8662,152.8
189,17.56,1.4047,30.2385,16.16,-4.1076,0.6804,170.6
190,17.6,1.2882,24.6816,16.52,-3.586,0.4559,172.8
191,17.64,1.3349,31.1559,16.37,-4.6393,0.9738,168.1
192,17.68,1.0322,20.928,15.57,-1.7312,1.1908,145.5
193,17.72,1.1701,22.955,16.59,-0.5945,2.2718,104.7
194,17.76,1.5466,30.3698,15.44,-4.9508,1.0303,168.2
195,17.8,1.066,19.29,15.44,-1.4115,1.4559,134.1
196,17.84,1.2203,23.5189,14.87,-2.699,1.3376,153.6
197,17.88,1.3314,22.8458,16.1,-2.2179,1.3373,148.9
198,17.92,1.3429,22.4472,16.19,-1.7894,1.0542,149.5
199,17.96,1.4211,25.7599,17.68,-1.2154,1.0734,138.6
200,18.0,1.2252,21.0623,17.48,0.9003,1.008,48.2
201,18.04,1.3034,19.5221,17.54,0.7136,0.9623,53.4
202,18.08,1.4147,24.6586,19.26,1.3665,0.6014,23.8
203,18.12,1.2541,19.3699,19.09,1.5655,0.8154,27.5
204,18.16,1.4707,22.8379,18.21,0.3496,0.8337,67.2
205,18.2,1.5832,28.1034,18.67,-1.2712,1.1089,138.9
206,18.24,1.6162,28.8743,18.7,-0.4192,1.2099,109.1
207,18.28,1.5829,29.1157,17.6,-0.7551,1.2314,121.5
208,18.32,1.4556,27.29,17.91,-3.3672,1.2383,159.8
209,18.36,1.6139,28.3859,19.41,-1.6123,1.0448,147.1
210,18.4,1.3987,17.7951,18.06,-2.0923,1.1788,150.6
211,18.44,1.3919,18.4139,17.6,-2.4588,1.2103,153.8
212,18.48,1.5337,26.042,17.77,-2.7333,1.2474,155.5
213,18.52,1.9099,29.1698,20.39,-1.0201,1.1803,130.8
214,18.56,1.6283,22.6191,18.01,-1.0608,1.2757,129.7
215,18.6,1.6603,25.6402,17.44,-1.7144,1.5943,137.1
216,18.64,1.8876,26.7183,20.36,-0.1043,1.2526,94.8
217,18.68,1.8477,28.7079,18.63,-1.5697,1.1653,143.4
218,18.72,1.3636,19.5916,17.43,-1.7015,1.3397,141.8
219,18.76,1.7872,22.4031,19.36,-0.3629,1.2393,106.3
220,18.8,1.5118,26.4881,17.55,-2.508,1.1982,154.5
221,18.84,1.6524,23.6795,19.32,-1.0413,1.121,132.9
222,18.88,1.423,23.1123,17.37,-1.2024,1.331,132.1
223,18.92,1.7532,23.1046,20.14,1.1338,1.1749,46.0
224,18.96,1.5422,25.6568,18.61,0.8004,1.2396,57.1
225,19.0,1.44,24.3194,17.91,0.2698,1.2513,77.8
226,19.04,1.3031,20.3068,17.32,0.8955,0.9999,48.2
227,19.08,1.2923,17.421,17.76,0.5424,1.1177,64.1
228,19.12,1.4385,17.2193,17.96,1.3069,1.0967,40.0
229,19.16,1.3525,19.0742,17.37,-0.4909,0.8943,118.8
230,19.2,1.4167,20.338,17.71,-0.4281,1.0507,112.2
231,19.24,1.3223,19.6053,16.54,-1.7209,1.2003,145.1
232,19.28,1.1936,22.3824,15.22,-3.4113,1.3056,159.1
233,19.32,1.3366,22.0942,16.91,-2.7306,1.0965,158.1
234,19.36,1.5894,23.9947,17.68,-2.0845,1.3569,146.9
235,19.4,1.4307,24.1124,16.38,-2.8525,1.3537,154.6
236,19.44,1.4044,24.45,15.45,-4.1047,1.3585,161.7
237,19.48,1.5235,28.4443,17.14,-4.0735,1.6175,158.3
238,19.52,1.5296,35.7197,16.71,-4.5639,1.4463,162.4
239,19.56,1.5089,31.5206,15.7,-4.7965,1.3688,164.1
240,19.6,1.6013,35.5843,16.18,-5.7654,1.3182,167.1
241,19.64,1.1838,22.422,16.06,-3.501,1.3065,159.5
242,19.68,1.4503,28.1174,15.1,-6.6153,1.1147,170.4
243,19.72,1.5605,31.0749,16.08,-6.6302,1.2264,169.5
244,19.76,1.3435,32.1261,13.57,-6.8674,1.3993,168.5
245,19.8,0.9157,20.5857,12.67,-4.5284,0.8005,170.0
246,19.84,0.8944,17.5822,13.02,-3.9233,0.9255,166.7
247,19.88,0.8981,15.8961,13.5,-3.6058,0.8221,167.2
248,19.92,1.0138,19.4947,13.58,-4.1241,1.0613,165.6
249,19.96,1.1518,21.9769,14.48,-3.9147,1.2652,162.1
250,20.0,1.2475,22.2926,15.11,-2.2911,1.2323,151.7
251,20.04,1.3437,25.8632,15.33,-1.963,1.3434,145.6
252,20.08,1.1075,19.2521,14.78,-3.5383,1.0099,164.1
253,20.12,1.1243,19.9123,14.54,-3.7547,0.9681,165.5
254,20.16,1.2212,19.9689,14.9,-3.472,1.4204,157.8
255,20.2,1.332,20.3462,16.06,-2.7845,1.1003,158.4
256,20.24,1.2221,23.1461,15.57,-3.5871,1.1681,162.0
257,20.28,1.3819,22.5126,17.33,-2.8425,1.0304,160.1
258,20.32,1.3239,25.3485,15.98,-3.2359,1.1844,159.9
259,20.36,1.4108,31.6738,16.11,-3.3097,1.4084,156.9
260,20.4,1.371,25.2928,15.95,-2.7307,1.194,156.4
261,20.44,1.3653,19.4884,17.31,-1.7168,1.1296,146.7
262,20.48,1.3549,25.1581,16.71,-2.3365,1.2417,152.0
263,20.52,1.3718,25.0309,16.65,-2.1757,1.2046,151.0
264,20.56,1.4415,27.7704,17.18,-1.7402,1.1088,147.5
265,20.6,1.5077,30.4395,18.36,-2.0266,1.1379,150.7
266,20.64,1.4138,26.9898,17.43,-2.3418,1.1272,154.3
267,20.68,0.9998,17.8896,15.69,-2.9139,0.9138,162.6
268,20.72,1.1008,18.1481,16.17,-3.5405,1.1451,162.1
269,20.76,1.2015,20.8112,16.56,-3.6043,0.9851,164.7
270,20.8,1.1473,19.0846,14.12,-4.2802,1.3442,162.6
271,20.84,1.2621,19.3227,15.9,-3.1913,1.1727,159.8
272,20.88,1.3774,24.6369,15.76,-3.2075,1.1412,160.4
273,20.92,1.6046,24.9462,17.93,-3.2278,0.9998,162.8
274,20.96,1.7532,27.4752,18.5,-3.0502,1.2671,157.4
275,21.0,1.56,26.3824,17.53,-3.3609,1.312,158.7
276,21.04,1.5186,29.3286,17.43,-2.919,1.258,156.7
277,21.08,1.5429,30.7274,17.43,-3.1923,1.3347,157.3
278,21.12,1.2619,24.6129,17.23,-2.1152,0.8738,157.6
279,21.16,1.0779,15.2273,16.62,-0.8565,0.8795,134.2
280,21.2,1.1043,19.7591,17.99,-1.2622,0.6747,151.9
281,21.24,1.3243,21.5858,18.16,-2.0608,0.6811,161.7
282,21.28,1.5905,24.6772,18.94,-1.7574,1.9844,131.5
283,21.32,1.8774,23.905,19.69,-3.4222,0.9924,163.8
284,21.36,1.6746,27.9957,18.06,-2.6468,1.4237,151.7
285,21.4,1.5386,31.222,17.21,-3.0852,1.356,156.3
286,21.44,1.4849,28.5088,17.58,-2.7762,1.3183,154.6
287,21.48,1.2209,20.6583,17.66,-1.6916,1.06,147.9
288,21.52,1.0545,17.5629,16.65,0.0847,0.697,83.1
289,21.56,1.0721,16.5383,16.14,0.2169,0.8267,75.3
290,21.6,1.1565,18.3667,16.98,0.643,0.7212,48.3
291,21.64,1.3598,21.2692,17.85,0.3864,0.979,68.5
292,21.68,1.2779,21.0449,16.79,-1.2652,1.1361,138.1
293,21.72,1.4067,21.6389,17.16,-1.6389,1.3168,141.2
294,21.76,1.4976,27.3783,17.9,-2.9115,1.1491,158.5
295,21.8,1.6471,26.7393,18.32,-2.911,1.3023,155.9
296,21.84,1.6202,29.2317,17.68,-2.8635,1.4839,152.6
297,21.88,1.6795,29.6435,18.42,-2.6207,1.2338,154.8
298,21.92,1.7799,31.3532,17.63,-3.0059,1.367,155.5
299,21.96,1.8481,29.1048,19.45,-2.1435,1.0328,154.3
300,22.0,1.8562,22.2854,20.39,-1.9829,1.1267,150.4
301,22.04,2.0522,29.9088,20.09,-2.4673,1.3546,151.2
302,22.08,2.0513,34.3546,20.42,-5.1102,1.214,166.6
303,22.12,2.0608,33.4572,19.29,-5.7802,1.0151,170.0
304,22.16,2.0845,36.2995,18.41,-6.1728,0.9111,171.6
305,22.2,1.9992,31.2043,16.94,-5.9009,0.8535,171.8
306,22.24,2.2049,30.8708,17.79,-3.2396,0.5422,170.5
307,22.28,2.1687,28.6835,18.87,-1.8033,0.4607,165.7
308,22.32,2.3207,28.9439,18.2,-2.6294,0.6033,167.1
309,22.36,2.292,30.4513,17.56,-3.0905,0.5114,170.6
310,22.4,2.2059,37.7033,17.86,-3.9848,0.3996,174.3
311,22.44,2.1289,38.0786,17.68,-4.4528,1.0474,166.8
312,22.48,1.9285,35.2086,17.51,-3.6687,1.3372,160.0
313,22.52,2.1527,26.9527,19.29,-0.2827,0.9294,106.9
314,22.56,2.6003,36.6248,20.53,0.2064,0.6298,71.9
315,22.6,1.8629,30.4973,17.99,-4.0982,2.0997,152.9
316,22.64,1.7852,28.7658,18.46,-4.0318,1.5943,158.4
317,22.68,1.8329,27.9308,17.23,-4.9003,1.5091,162.9
318,22.72,1.6912,32.7073,15.92,-5.96,1.568,165.3
319,22.76,1.7794,29.154,16.03,-6.375,1.6098,165.8
320,22.8,1.8957,34.3241,16.99,-6.3811,1.6293,165.7
321,22.84,1.5704,29.8967,16.17,-4.8317,1.2427,165.6
322,22.88,1.5014,24.6902,16.53,-4.2523,1.1464,164.9
323,22.92,1.6107,26.6378,16.55,-4.2156,1.2948,162.9
324,22.96,1.8378,32.2274,16.2,-5.6377,1.8316,162.0
325,23.0,1.5506,27.8899,16.37,-4.5174,1.3447,163.4
326,23.04,1.528,27.671,16.84,-4.2294,1.4285,161.3
327,23.08,1.5355,32.1437,15.79,-5.1081,1.3305,165.4
328,23.12,1.5271,22.8904,17.65,-4.1936,1.3332,162.4
329,23.16,1.4696,24.1575,16.6,-5.0117,1.0383,168.3
330,23.2,1.5251,25.9821,15.38,-5.7417,1.3723,166.6
331,23.24,1.6117,30.5761,17.25,-4.3564,1.4889,161.1
332,23.28,1.4939,27.1852,15.39,-3.6978,1.5254,157.6
333,23.32,1.464,21.392,16.44,-2.0824,1.4545,145.1
334,23.36,1.3775,20.9255,17.31,-0.3212,1.354,103.3
335,23.4,1.4745,24.2788,18.51,-0.288,1.1603,103.9
336,23.44,1.7494,26.7741,17.78,-1.9722,1.5074,142.6
337,23.48,1.8637,35.7608,16.79,-5.2153,1.908,159.9
338,23.52,1.0836,21.246,16.11,0.6434,0.6733,46.3
339,23.56,1.2356,27.5597,16.33,0.7801,0.8469,47.4
340,23.6,1.2754,26.4389,16.99,-0.3941,1.0714,110.2
341,23.64,1.1801,19.1703,15.01,-2.7734,1.3821,153.5
342,23.68,1.2068,18.1203,14.29,-2.7225,1.3101,154.3
343,23.72,1.5179,20.0393,15.51,-2.7601,1.4663,152.0
344,23.76,1.5995,21.0039,16.94,-2.1234,0.9989,154.8
345,23.8,1.7492,23.9629,17.09,-2.862,1.3463,154.8
346,23.84,1.5858,31.047,15.81,-5.0361,1.1286,167.4
347,23.88,1.4825,27.3214,15.4,-4.7743,1.3827,163.8
348,23.92,1.667,30.0175,15.31,-5.8233,1.725,163.5
349,23.96,1.7778,31.7347,17.49,-4.5902,1.2664,164.6
350,24.0,2.0707,41.6302,17.55,-5.2511,1.1487,167.7
351,24.04,1.8988,28.3424,17.13,-5.2594,1.2322,166.8
352,24.08,2.249,34.5098,18.33,-5.3441,1.2112,167.2
353,24.12,2.5422,40.1606,17.77,-6.0094,1.9591,161.9
354,24.16,2.566,40.3449,19.13,-7.0584,1.6752,166.6
355,24.2,2.0049,28.8194,17.93,-5.3444,1.5164,164.2
356,24.24,2.0333,29.0662,18.83,-4.1408,0.852,168.4
357,24.28,1.691,26.0425,17.15,-2.9923,0.7864,165.3
358,24.32,1.7051,28.9804,17.11,-4.022,1.6081,158.2
359,24.36,2.4867,42.4197,17.78,-7.1955,1.9982,164.5
360,24.4,2.3308,38.6855,17.77,-8.0895,2.015,166.0
361,24.44,1.4167,20.6418,16.61,-2.3657,1.4545,148.4
362,24.48,1.5902,23.8345,19.0,-1.2696,0.8609,145.9
363,24.52,1.8071,27.347,18.75,-2.9209,1.0726,159.8
364,24.56,1.3293,20.9641,17.15,0.4562,0.814,60.7
365,24.6,1.4239,24.0155,17.65,2.2462,0.633,15.7
366,24.64,1.7557,30.4434,17.2,-3.0758,1.3333,156.6
367,24.68,2.4632,42.0636,17.49,-7.0606,1.707,166.4
368,24.72,1.7073,24.8085,16.96,-2.1519,1.9794,137.4
369,24.76,1.3508,19.6839,17.53,0.4486,1.3879,72.1
370,24.8,1.489,20.4757,16.71,-1.5311,1.1133,144.0
371,24.84,1.4561,23.1241,16.2,-0.5915,1.3557,113.6
372,24.88,1.5385,20.5157,18.13,0.0059,1.1666,89.7
373,24.92,1.4593,25.4244,16.69,-2.2,1.6553,143.0
374,24.96,1.7558,28.1125,17.16,-2.7747,1.4523,152.4
375,25.0,1.8259,34.4336,17.79,-4.2304,1.6984,158.1
376,25.04,1.5815,28.2457,16.82,-4.4437,1.5242,161.1
377,25.08,1.598,26.337,16.65,-4.1167,1.5095,159.9
378,25.12,1.6389,27.2948,16.96,-4.8588,1.6837,160.9
379,25.16,1.7851,31.4134,16.64,-4.9071,1.7656,160.2
380,25.2,1.727,35.2139,16.23,-5.5605,1.8516,161.6
381,25.24,1.7372,32.5301,16.25,-5.5178,1.9152,160.9
382,25.28,1.6567,32.3403,16.2,-5.3187,1.5872,163.4
383,25.32,1.7947,31.1849,16.95,-5.1151,1.5237,163.4
384,25.36,1.6795,27.1585,16.51,-5.1475,1.516,163.6
385,25.4,1.53,32.8832,16.23,-3.571,1.5473,156.6
386,25.44,1.7149,35.1825,16.26,-4.8741,1.4275,163.7
387,25.48,1.8708,35.2256,16.52,-6.1307,1.6574,164.9
388,25.52,1.1915,22.2135,16.38,-1.3138,1.0743,140.7
389,25.56,1.2803,27.4027,15.35,-3.3286,1.3301,158.2
390,25.6,1.8525,33.2869,16.08,-5.6464,1.8544,161.8
391,25.64,1.873,37.1413,16.55,-5.1066,1.7257,161.3
392,25.68,1.5954,21.3319,17.16,-2.7591,1.4923,151.6
393,25.72,1.7743,25.5466,19.25,-1.4011,1.8045,127.8
394,25.76,1.9308,24.1411,19.71,-1.4959,1.4444,136.0
395,25.8,1.7514,26.0806,19.3,-2.2648,1.2296,151.5
396,25.84,1.6315,23.7009,18.14,-2.8476,1.4519,153.0
397,25.88,1.5454,26.9659,16.38,-4.2078,1.4192,161.4
398,25.92,1.6175,29.2531,16.08,-4.4964,1.6143,160.3
399,25.96,1.3985,22.7174,16.67,-1.7696,1.353,142.6
400,26.0,1.874,26.9054,18.3,-2.4949,1.4919,149.1
401,26.04,1.7637,27.6839,15.93,-2.967,1.6721,150.6
402,26.08,1.0037,15.7582,15.72,-1.4348,0.9618,146.2
403,26.12,0.9801,19.6382,15.65,-1.4402,0.8367,149.8
404,26.16,0.9416,17.9479,15.43,-0.967,0.4565,154.7
405,26.2,0.9294,18.3708,14.69,-1.1857,0.7876,146.4
406,26.24,1.2143,20.7401,15.22,-2.0651,1.5816,142.6
407,26.28,1.7106,24.6001,17.32,-2.9186,1.4532,153.5
408,26.32,1.7899,28.2872,16.73,-4.2744,1.5195,160.4
409,26.36,1.3804,22.7039,16.13,-1.9996,1.0521,152.2
410,26.4,1.2795,18.7268,17.08,-1.5385,0.9982,147.0
411,26.44,1.4443,22.6735,17.61,-1.8388,0.6417,160.8
412,26.48,1.3026,21.1047,18.08,0.3082,0.8264,69.5
413,26.52,1.686,22.2929,18.03,-1.3023,1.2845,135.4
414,26.56,1.5436,21.5347,17.47,-2.4245,1.0255,157.1
415,26.6,1.8149,28.9876,17.59,-4.1778,1.5345,159.8
416,26.64,2.2096,33.8087,19.35,-5.2622,1.7384,161.7
417,26.68,2.1886,39.4233,18.1,-6.435,1.7434,164.8
418,26.72,2.3785,38.2851,19.38,-5.7524,1.9578,161.2
419,26.76,2.3229,38.3971,18.74,-5.9757,2.0011,161.5
420,26.8,1.6254,23.4092,18.3,-2.1409,1.8751,138.8
421,26.84,2.4521,38.42,18.04,-6.9525,2.0054,163.9
422,26.88,1.5741,22.2699,17.38,-2.0374,1.6347,141.3
423,26.92,1.3612,18.9014,17.04,-0.8574,0.9095,133.3
424,26.96,1.2819,21.6688,16.48,-0.6331,1.3315,115.4
425,27.0,1.5324,22.9652,17.01,-2.5773,1.6042,148.1
426,27.04,1.4516,22.5915,16.23,-2.3588,0.8585,160.0
427,27.08,1.5148,30.5111,17.0,-0.8317,0.9783,130.4
428,27.12,2.0129,30.4642,17.83,-3.4198,1.3963,157.8
429,27.16,2.3532,36.1834,17.54,-6.8032,1.8679,164.6
430,27.2,2.266,37.8029,16.5,-9.6387,1.9093,168.8
431,27.24,2.1009,33.3891,17.16,-5.5981,2.1467,159.0
432,27.28,1.6895,27.7329,18.45,-3.2535,1.5253,154.9
433,27.32,1.7589,22.9334,18.29,-2.9838,1.7225,150.0
434,27.36,1.5609,25.655,18.57,-1.1755,1.3615,130.8
435,27.4,1.1256,17.0903,15.91,1.2905,1.3534,46.4
436,27.44,1.0708,19.5276,15.91,0.0557,0.4876,83.5
437,27.48,1.5093,25.9722,17.46,1.3312,-0.1728,-7.4
438,27.52,2.1314,39.6278,17.24,-5.7727,1.7852,162.8
439,27.56,2.0884,34.8655,17.42,-5.0291,1.4928,163.5
440,27.6,1.8223,36.1,16.69,-6.2571,1.3599,167.7
441,27.64,1.7876,26.3068,17.11,-5.1638,1.7254,161.5
442,27.68,1.9003,29.6829,17.28,-6.1245,1.5003,166.2
443,27.72,1.8937,30.6053,18.34,-5.0863,1.3849,164.8
444,27.76,1.9346,31.8365,17.0,-5.8968,1.6373,164.5
445,27.8,1.9918,36.6878,17.27,-5.9169,1.8944,162.2
446,27.84,1.8931,30.9102,18.92,-4.0754,1.1969,163.6
447,27.88,1.5527,29.3946,16.04,-4.6918,1.1541,166.2
448,27.92,1.4451,19.9916,17.93,-1.7407,0.4365,165.9
449,27.96,1.2015,22.7388,16.56,-0.5215,0.9786,118.1
450,28.0,1.4357,23.4671,17.84,-1.648,1.0072,148.6
451,28.04,1.6818,30.2446,18.86,-2.7222,0.8545,162.6
452,28.08,1.9984,25.9177,18.88,-4.772,1.48,162.8
453,28.12,2.0416,32.8713,17.78,-5.8438,1.6978,163.8
454,28.16,2.0828,29.5677,17.41,-5.0652,1.9344,159.1
455,28.2,2.2746,34.4972,18.34,-5.1891,1.9476,159.4
456,28.24,2.158,37.1428,18.39,-6.1385,1.8816,163.0
457,28.28,2.1193,33.2504,17.62,-5.8188,1.9347,161.6
458,28.32,2.1414,34.4063,18.53,-5.9261,1.6614,164.3
459,28.36,1.9448,28.598,16.98,-5.54,1.5558,164.3
460,28.4,1.9413,34.3825,17.12,-5.2489,1.6716,162.3
461,28.44,1.7536,39.6678,17.31,-3.6289,1.1517,162.4
462,28.48,1.4607,27.2925,16.82,-1.78,0.9176,152.7
463,28.52,1.3749,20.8545,18.71,-0.1834,0.6818,105.1
464,28.56,1.4722,21.7034,18.31,-0.9953,1.2089,129.5
465,28.6,1.2235,23.1,17.52,-0.7965,1.2121,123.3
466,28.64,1.2302,20.337,17.01,-0.8517,1.1548,126.4
467,28.68,1.0383,21.0531,16.69,0.1411,1.1419,83.0
468,28.72,1.0953,24.6714,15.44,-1.1235,1.2349,132.3
469,28.76,1.2209,27.5863,16.0,-3.2966,1.4369,156.4
470,28.8,1.685,29.0021,17.02,-3.9086,1.9328,153.7
471,28.84,1.6518,29.1198,16.57,-3.9329,1.8618,154.7
472,28.88,1.6041,27.2299,15.91,-3.6769,1.5385,157.3
473,28.92,1.6212,30.5853,15.81,-5.2179,1.4211,164.8
474,28.96,1.5196,23.5136,15.13,-4.7142,1.5843,161.4
475,29.0,1.6706,26.1085,16.94,-4.7223,1.5441,161.9
476,29.04,1.6255,24.1813,15.81,-5.6449,1.5291,164.8
477,29.08,1.6581,26.7875,15.37,-6.947,1.7991,165.5
478,29.12,1.6863,33.2483,16.76,-6.5428,1.5789,166.4
479,29.16,1.6001,29.4943,15.59,-6.1594,1.6525,165.0
480,29.2,1.4973,34.0443,14.9,-5.8189,1.3892,166.6
481,29.24,1.2383,24.2638,14.86,-4.245,1.3801,162.0
482,29.28,1.0578,21.7002,14.36,-4.1767,1.3375,162.2
483,29.32,0.912,18.4176,13.76,-3.8633,1.1661,163.2
484,29.36,1.0359,20.9939,14.03,-4.4639,0.9997,167.4
485,29.4,0.9867,17.5979,14.3,-3.4377,0.7244,168.1
486,29.44,1.1468,26.2745,14.48,-4.2654,1.0838,165.7
487,29.48,1.259,27.2538,15.47,-4.3852,1.1871,164.9
488,29.52,1.3124,26.839,15.26,-4.4904,1.3042,163.8
489,29.56,1.3363,24.9954,14.82,-4.8825,1.3597,164.4
490,29.6,1.444,24.9022,16.56,-4.2134,1.1871,164.3
491,29.64,1.5455,27.7175,16.85,-3.8418,1.5054,158.6
492,29.68,1.4365,23.7475,15.6,-3.7147,1.6475,156.1
493,29.72,1.3095,22.9921,14.68,-3.9317,1.4191,160.2
494,29.76,1.3273,24.785,15.46,-3.6608,1.2661,160.9
495,29.8,1.262,25.4246,14.51,-3.9793,1.3059,161.8
496,29.84,1.2724,18.2635,15.24,-2.5752,1.2857,153.5
497,29.88,1.2504,19.8629,15.6,-3.4406,1.1935,160.9
498,29.92,1.1681,20.9918,14.31,-3.7682,1.3901,159.8
499,29.96,1.2816,24.3863,15.64,-4.0883,1.2515,163.0
500,30.0,1.3248,27.3018,15.19,-4.0796,1.3455,161.7
501,30.04,1.1764,24.994,15.81,-3.5016,1.0079,163.9
502,30.08,1.3217,23.8367,15.35,-4.3261,1.3386,162.8
503,30.12,1.3913,25.2708,15.43,-4.7865,1.2402,165.5
504,30.16,1.4946,28.1315,15.37,-5.3353,1.386,165.4
505,30.2,1.5425,26.7566,16.61,-5.0678,1.1809,166.9
506,30.24,1.4189,26.3738,14.66,-5.1337,1.6385,162.3
507,30.28,1.5065,31.4464,15.52,-5.3893,1.5832,163.6
508,30.32,1.5584,25.5824,15.67,-4.7988,1.6769,160.7
509,30.36,1.6177,24.7629,16.44,-3.6797,1.6344,156.1
510,30.4,1.7404,26.0442,17.48,-2.8411,1.5147,151.9
511,30.44,1.8166,27.4716,16.78,-2.7052,1.593,149.5
512,30.48,1.9608,31.1849,17.08,-2.6886,1.5764,149.6
513,30.52,1.7035,24.5833,17.34,-3.9456,1.4318,160.1
514,30.56,1.7551,29.1389,16.84,-4.7254,1.6476,160.8
515,30.6,1.7596,24.9016,18.14,-4.551,1.4857,161.9
516,30.64,1.8671,31.1431,17.55,-5.4652,1.5296,164.4
517,30.68,2.0476,33.0728,17.54,-6.1537,1.5116,166.2
518,30.72,2.206,36.3768,17.24,-6.6713,1.733,165.4
519,30.76,2.2903,40.3923,17.63,-6.5339,1.8749,164.0
520,30.8,2.2631,37.4852,16.59,-7.7302,1.6811,167.7
521,30.84,1.0506,20.0389,15.71,-0.3348,0.5748,120.2
522,30.88,1.0529,19.352,17.11,-0.0497,0.8461,93.4
523,30.92,1.3,23.4946,18.12,-1.6215,1.0644,146.7
524,30.96,1.4198,23.5893,16.72,-3.4396,1.3915,158.0
525,31.0,1.5971,27.7419,17.24,-4.0538,1.5446,159.1
526,31.04,1.9884,34.8821,18.26,-6.4386,1.6604,165.5
527,31.08,2.295,44.0958,16.56,-10.3676,1.6218,171.1
528,31.12,1.3393,18.4955,15.84,-3.5592,2.1262,149.1
529,31.16,1.0004,17.7791,15.42,-2.2539,0.7964,160.5
530,31.2,1.0341,26.1736,14.1,-3.8813,1.4226,159.9
531,31.24,1.3206,26.274,14.77,-5.3219,1.2919,166.4
532,31.28,1.63,27.1742,15.47,-6.8326,0.9816,171.8
533,31.32,1.5956,24.6862,14.88,-6.7343,1.7044,165.8
534,31.36,1.6463,26.6133,15.42,-6.1192,2.0065,161.8
535,31.4,1.981,33.1097,15.73,-7.4328,1.9191,165.5
536,31.44,2.1601,39.7373,16.85,-7.6597,2.1841,164.1
537,31.48,2.2917,37.6307,17.61,-6.9169,1.9757,164.1
538,31.52,1.3029,21.403,18.16,0.3006,0.5031,59.1
539,31.56,1.1865,19.5525,16.46,0.9053,1.0743,49.9
540,31.6,1.104,21.4662,16.14,0.4746,0.6216,52.6
541,31.64,1.3936,24.8399,17.29,0.7856,1.3321,59.5
542,31.68,1.6204,25.9545,18.19,-0.6994,0.6798,135.8
543,31.72,1.4374,21.334,16.16,-3.8652,1.3463,160.8
544,31.76,1.3939,25.2917,16.82,-2.7009,1.3933,152.7
545,31.8,1.6152,26.7437,17.52,-3.5402,1.6313,155.3
546,31.84,1.7613,25.3304,18.2,-3.7329,1.1583,162.8
547,31.88,1.7923,22.8517,17.88,-3.0944,1.3711,156.1
548,31.92,1.8507,27.5781,17.83,-3.0953,1.3625,156.2
549,31.96,2.39,33.9837,19.61,-4.1577,1.5275,159.8
550,32.0,2.4514,34.2032,19.03,-2.9431,1.6754,150.3
551,32.04,1.358,22.4012,17.36,-0.7339,1.0371,125.3
552,32.08,1.3159,26.7912,16.77,-2.7105,1.4199,152.4
553,32.12,0.8866,16.7599,15.78,-0.8394,1.0761,128.0
554,32.16,1.1698,18.1857,17.29,-1.1643,0.7971,145.6
555,32.2,1.092,20.0691,16.89,1.2748,0.2382,10.6
556,32.24,1.1195,21.6237,16.96,-0.4966,0.7688,122.9
557,32.28,1.465,27.1835,18.8,-1.7523,0.3027,170.2
558,32.32,1.3698,22.3727,17.71,-1.764,0.3711,168.1
559,32.36,1.5692,27.8311,19.17,-1.8568,0.7486,158.0
560,32.4,1.3943,22.0058,18.47,-0.6368,0.7282,131.2
561,32.44,1.8848,28.8025,19.15,-3.7407,1.4201,159.2
562,32.48,1.7369,31.7008,17.78,-4.1224,1.3508,161.9
563,32.52,1.9237,38.2724,17.45,-5.7931,1.4621,165.8
564,32.56,1.627,23.5137,17.77,-3.8043,1.4584,159.0
565,32.6,1.6454,27.7513,17.81,-3.1696,1.1989,159.3
566,32.64,1.7108,29.9922,19.45,-3.5745,1.6218,155.6
567,32.68,1.7641,30.7366,18.75,-4.4502,1.3481,163.1
568,32.72,1.8696,30.4819,19.24,-4.8051,1.4775,162.9
569,32.76,1.7523,27.9919,18.56,-3.8154,1.2819,161.4
570,32.8,1.5182,26.9835,17.96,-3.1637,1.18,159.5
571,32.84,1.508,27.1225,17.4,-3.4795,1.4178,157.8
572,32.88,1.6277,29.7868,17.91,-4.5768,1.2624,164.6
573,32.92,1.5914,23.7306,18.15,-4.3588,1.2578,163.9
574,32.96,1.6664,27.0236,18.47,-4.0244,1.4116,160.7
575,33.0,1.7664,31.9546,18.55,-4.3851,1.5159,160.9
576,33.04,1.8652,33.2445,18.32,-4.4107,1.5667,160.4
577,33.08,1.6458,25.8197,17.98,-3.6831,1.5302,157.4
578,33.12,1.6978,33.6134,17.88,-3.8291,1.4776,158.9
579,33.16,1.8229,27.5512,17.98,-5.1105,1.9245,159.4
580,33.2,1.8977,28.4993,18.45,-5.2231,1.5098,163.9
581,33.24,1.8495,31.9382,17.4,-6.2404,1.6564,165.1
582,33.28,2.0008,34.1868,17.43,-6.2437,2.0636,161.7
583,33.32,1.985,31.9932,17.2,-6.7784,1.7875,165.2
584,33.36,2.3012,35.0638,19.16,-6.9041,1.6286,166.7
585,33.4,2.6374,36.2128,19.15,-9.7704,1.6975,170.1
586,33.44,2.6168,35.8559,18.61,-9.9077,1.7459,170.0
587,33.48,2.3259,39.5419,18.63,-7.5581,1.8235,166.4
588,33.52,1.8012,29.3315,18.92,-4.6031,1.1845,165.6
589,33.56,2.1748,30.5592,19.56,-6.4006,1.1775,169.6
590,33.6,1.4259,18.9792,20.63,2.1232,-0.2547,-6.8
591,33.64,2.2484,35.2367,20.85,-6.2826,2.4345,158.8
592,33.68,1.9057,23.9706,19.05,-5.1938,1.0721,168.3
593,33.72,1.981,24.3812,18.43,-5.5914,1.4665,165.3
594,33.76,2.1284,28.6087,19.12,-5.9099,1.1516,169.0
595,33.8,2.0,30.4504,18.11,-7.3919,1.3076,170.0
596,33.84,2.0578,27.2556,19.6,-6.4843,1.2095,169.4
597,33.88,1.8123,27.5882,18.89,-6.4221,1.0716,170.5
598,33.92,2.0415,30.4925,18.98,-7.4533,1.3843,169.5
599,33.96,1.5944,24.6229,18.98,-4.8286,1.1101,167.1
600,34.0,1.9794,26.5106,19.96,-6.5074,1.5805,166.3
601,34.04,2.1393,29.7305,18.68,-7.7709,1.7496,167.3
602,34.08,2.2387,31.3056,18.41,-8.8099,1.5346,170.1
603,34.12,2.3903,31.3429,21.12,-7.4553,1.3516,169.7
604,34.16,2.2876,31.2493,19.87,-7.2644,1.2115,170.5
605,34.2,2.103,29.9783,18.92,-7.1924,0.8547,173.2
606,34.24,2.2802,36.668,18.34,-9.1038,1.4522,170.9
607,34.28,2.5414,42.8514,19.86,-9.5022,1.5337,170.8
608,34.32,2.8678,57.066,19.5,-11.4825,1.4836,172.6
609,34.36,2.4183,36.2169,18.33,-9.6286,1.691,170.0
610,34.4,2.9726,39.7987,18.78,-12.5048,0.7779,176.4
611,34.44,2.1262,31.9077,19.82,-6.624,0.8419,172.8
612,34.48,2.4636,34.7519,19.48,-8.8894,0.3028,178.0
613,34.52,2.4999,30.3653,19.61,-9.2167,1.5617,170.4
614,34.56,2.7646,35.1196,19.88,-10.0488,1.9994,168.7
615,34.6,1.8088,27.0767,21.24,-2.3647,-1.064,-155.8
616,34.64,2.4767,33.5117,21.41,-7.0082,-0.1912,-178.4
617,34.68,3.0044,40.3855,21.24,-10.1887,1.7224,170.4
618,34.72,3.3646,42.2566,21.51,-11.2621,2.7808,166.1
619,34.76,3.6988,45.3055,22.41,-12.0441,3.7314,162.8
620,34.8,3.028,42.5627,21.01,-10.5807,1.8864,169.9
621,34.84,2.4224,38.0283,19.32,-9.2005,1.35,171.7
622,34.88,2.2079,33.5223,18.93,-8.3169,2.0569,166.1
623,34.92,1.8646,27.9648,18.15,-5.9117,1.1917,168.6
624,34.96,1.7767,29.5923,17.58,-5.1093,1.4375,164.3
625,35.0,2.1455,32.2447,17.64,-7.5009,1.2258,170.7
626,35.04,1.2947,22.2017,17.61,-2.6996,1.0781,158.2
627,35.08,1.2102,21.3751,16.94,-3.1805,1.9934,147.9
628,35.12,2.1602,31.3659,17.42,-8.5388,2.021,166.7
629,35.16,1.543,23.0561,16.21,-5.4538,1.9349,160.5
630,35.2,1.5169,27.1577,17.55,-4.1485,1.6436,158.4
631,35.24,1.9379,35.2609,18.06,-6.4324,1.6691,165.5
632,35.28,1.8679,34.4271,18.17,-5.7097,1.416,166.1
633,35.32,2.5136,41.7263,18.6,-8.6076,1.9686,167.1
634,35.36,1.7448,31.12,18.58,-3.0426,-0.5556,-169.7
635,35.4,2.1089,32.582,19.69,-6.5143,0.5735,175.0
636,35.44,1.5425,24.6193,18.77,-2.3098,-0.4287,-169.5
637,35.48,1.8478,29.519,20.57,-3.8075,1.6585,156.5
638,35.52,2.3346,34.6544,21.59,-6.949,2.1838,162.6
639,35.56,2.6834,42.9196,20.73,-8.429,1.8727,167.5
640,35.6,2.2786,31.9037,19.21,-7.8353,1.4994,169.2
641,35.64,2.4513,35.2473,18.49,-9.1799,1.6827,169.6
642,35.68,1.8012,35.0778,18.35,-6.012,1.1515,169.2
643,35.72,1.3256,17.4852,19.36,-3.1178,0.4486,171.8
644,35.76,1.5188,30.5629,19.61,-3.6144,-0.0894,-178.6
645,35.8,0.9517,16.5159,16.73,0.5727,0.6193,47.2
646,35.84,1.4121,24.4665,18.45,3.5217,-0.8522,-13.6
647,35.88,1.2987,24.0249,18.47,-2.0291,0.3189,171.1
648,35.92,1.366,22.7086,17.45,-3.4155,0.4255,172.9
649,35.96,1.3442,22.4314,17.1,-3.4001,1.3994,157.6
650,36.0,1.3335,20.1383,19.0,-2.2282,1.1709,152.3
651,36.04,1.6448,26.7377,18.6,-4.5494,1.198,165.2
652,36.08,1.8013,28.0012,17.82,-6.1453,1.1582,169.3
653,36.12,1.7911,31.703,17.22,-6.6554,1.5172,167.2
654,36.16,1.9639,30.2477,18.59,-6.6079,1.5271,167.0
655,36.2,2.2115,28.4899,18.56,-7.1389,1.7476,166.2
656,36.24,1.8417,33.5424,16.22,-6.5258,2.1029,162.1
657,36.28,1.0294,19.0853,16.83,1.4259,0.9474,33.6
658,36.32,1.2125,20.1077,16.95,2.1729,0.6144,15.8
659,36.36,1.1614,18.0514,16.89,1.7615,0.9487,28.3
660,36.4,1.494,23.36,19.8,1.6511,1.13,34.4
661,36.44,1.2642,28.3195,17.06,-3.2538,0.949,163.7
662,36.48,1.1048,19.624,16.33,-2.5634,1.2326,154.3
663,36.52,0.9005,14.1329,15.73,-1.3009,0.991,142.7
664,36.56,1.3866,24.6411,16.54,-4.5213,1.3701,163.1
665,36.6,1.3279,21.204,18.1,-3.0038,1.254,157.3
666,36.64,1.1811,22.8383,17.5,-1.9291,1.101,150.3
667,36.68,1.6284,30.3704,16.94,-5.0469,1.5248,163.2
668,36.72,1.5018,27.8764,18.08,-3.5847,1.3264,159.7
669,36.76,1.3156,21.4071,17.38,-2.8572,0.8304,163.8
670,36.8,1.2813,17.2717,18.5,-1.7491,0.9368,151.8
671,36.84,1.6077,26.7484,17.8,-3.3312,1.754,152.2
672,36.88,1.8444,29.0998,19.97,-3.3962,1.3528,158.3
673,36.92,1.7029,30.2125,17.84,-4.4428,1.6359,159.8
674,36.96,1.8434,30.0225,19.12,-3.5075,1.4377,157.7
675,37.0,1.4995,20.7767,18.48,-1.9098,1.294,145.9
676,37.04,1.8138,32.2671,18.72,-2.9212,1.2691,156.5
677,37.08,1.7941,26.3187,19.06,-2.5411,1.1416,155.8
678,37.12,1.8708,23.3077,19.56,-2.0036,1.1457,150.2
679,37.16,1.9462,29.0162,20.26,-1.5428,0.9591,148.1
680,37.2,1.3711,24.5673,18.44,2.1098,1.0758,27.0
681,37.24,1.8998,25.9732,19.97,-0.4313,1.4063,107.1
682,37.28,1.8748,28.2106,19.97,-0.8614,1.4272,121.1
683,37.32,1.7134,19.1491,20.26,-1.5725,1.576,134.9
684,37.36,1.8673,20.3753,21.07,-2.2976,0.8674,159.3
685,37.4,1.9802,26.5481,19.74,-3.871,1.0471,164.9
686,37.44,1.8371,29.262,17.24,-4.9114,0.8065,170.7
687,37.48,2.1589,33.0167,19.01,-2.1515,0.2421,173.6
688,37.52,1.6941,30.1536,16.73,-0.1342,0.3292,112.2
689,37.56,1.1832,27.2564,15.59,1.8269,0.9792,28.2
690,37.6,1.9492,29.8979,19.8,3.0779,0.1955,3.6
691,37.64,2.3183,36.3179,20.07,2.8154,0.0794,1.6
692,37.68,1.4148,21.8146,17.47,-0.456,1.3477,108.7
693,37.72,1.0605,22.5547,16.61,-0.2684,1.0583,104.2
694,37.76,0.8756,17.8659,15.63,-0.6707,0.8211,129.2
695,37.8,1.0563,16.8749,15.67,-1.7148,0.9217,151.7
696,37.84,1.3536,20.1996,16.04,-3.0225,1.6615,151.2
697,37.88,1.5157,24.3193,18.31,-2.528,1.3093,152.6
698,37.92,1.0571,16.2317,16.69,-1.7698,0.901,153.0
699,37.96,1.2003,17.9457,17.69,-2.0495,0.9681,154.7
700,38.0,1.0836,18.0761,17.19,-1.0935,0.8761,141.3
701,38.04,1.1427,19.0902,17.5,-0.6052,0.9025,123.8
702,38.08,1.2608,20.9864,18.02,-0.5087,0.9179,119.0
703,38.12,1.3994,19.7408,18.59,-0.9706,0.9694,135.0
704,38.16,1.3715,21.5775,18.26,-2.2511,0.8759,158.7
705,38.2,1.3921,19.3358,19.2,-2.008,0.4926,166.2
706,38.24,1.37,21.1337,17.93,-2.839,0.8124,164.0
707,38.28,1.3723,24.3408,17.04,-3.26,0.904,164.5
708,38.32,1.5608,26.0015,18.91,-3.3943,0.8023,166.7
709,38.36,1.5396,25.2323,18.63,-2.5917,1.0637,157.7
710,38.4,1.8234,27.5123,18.75,-4.2496,0.9846,167.0
711,38.44,1.2778,20.4852,19.55,-1.1795,0.6635,150.6
712,38.48,1.2609,21.8817,18.87,-2.7343,0.7681,164.3
713,38.52,1.6882,26.3087,20.05,-4.2458,1.4621,161.0
714,38.56,1.5813,23.2885,19.68,-2.9412,1.1108,159.3
715,38.6,1.35,19.3868,19.72,-2.2315,1.2291,151.2
716,38.64,1.3406,21.1298,19.73,-2.298,1.0868,154.7
717,38.68,1.214,22.1463,18.77,-2.1273,0.9834,155.2
718,38.72,1.2815,18.6962,17.92,-2.722,1.2523,155.3
719,38.76,1.2013,16.6837,19.26,-1.2417,0.7485,148.9
720,38.8,1.1762,18.006,18.64,-1.0359,1.1709,131.5
721,38.84,1.2998,24.9068,18.3,-1.9107,1.3356,145.0
722,38.88,1.8635,37.6485,19.7,-4.8097,1.4758,162.9
723,38.92,1.7784,29.0762,19.28,-3.4333,1.9652,150.2
724,38.96,1.6911,21.5975,20.11,-1.5921,2.4986,122.5
725,39.0,1.4176,20.9949,19.35,-1.6256,0.7667,154.7
726,39.04,1.976,30.4679,20.47,-4.1997,2.1436,153.0
727,39.08,1.8741,27.4529,21.11,-3.367,1.2163,160.1
728,39.12,1.6116,23.6101,20.27,-0.2026,-0.2276,-131.7
729,39.16,1.7506,22.8431,21.33,-0.4681,0.284,148.8
730,39.2,1.8972,26.9965,22.2,0.7578,0.1173,8.8
731,39.24,1.9901,28.7496,25.26,1.5574,-0.3201,-11.6
732,39.28,1.9962,29.7599,23.2,1.74,-1.172,-34.0
733,39.32,1.9303,27.9725,22.58,2.1102,0.0663,1.8
734,39.36,2.0314,37.1794,22.01,2.9104,-0.3947,-7.7
735,39.4,2.0071,39.4114,22.93,3.738,0.113,1.7
736,39.44,2.0209,32.5039,23.55,2.5597,0.3162,7.0
737,39.48,2.1351,33.6916,24.17,2.8758,-0.33,-6.5
738,39.52,2.3106,35.1785,23.5,1.316,0.1799,7.8
739,39.56,2.3436,34.4605,23.37,0.441,1.4613,73.2
740,39.6,2.6878,28.0934,23.77,-2.3694,1.4586,148.4
741,39.64,2.443,28.154,24.74,-0.0125,-0.7009,-91.0
742,39.68,2.7416,29.0978,25.57,-0.2599,0.1996,142.5
743,39.72,3.3304,31.429,26.38,-2.806,0.5173,169.6
744,39.76,3.6017,41.0336,27.05,-3.9801,0.7471,169.4
745,39.8,3.9944,37.582,27.84,-3.3489,-1.8586,-151.0
746,39.84,3.5347,27.3974,28.23,-1.3511,2.2658,120.8
747,39.88,3.8047,35.3417,26.36,-2.8792,2.0834,144.1
748,39.92,3.3371,32.3636,25.26,-0.8208,1.3224,121.8
749,39.96,2.574,27.3972,24.32,-1.9194,1.4294,143.3
